Combination,freq,sumoutput,win,wr,avg out,freqnon,winnon,wrnon,sumnon,freqab,winab,wrab,sumab,freqinv,wininv,wrinv,suminv
ACuramCuramKecilYes,0,0.00%,0,0%,0.00%,,,,,,,,,,,,
ACuramCuramKecilNo,0,0.00%,0,0%,0.00%,,,,,,,,,,,,
ACuramCuramSedangYes,0,0.00%,0,0%,0.00%,,,,,,,,,,,,
ACuramCuramSedangNo,0,0.00%,0,0%,0.00%,,,,,,,,,,,,
ACuramCuramBesarYes,0,0.00%,0,0%,0.00%,,,,,,,,,,,,
ACuramCuramBesarNo,6,12.97%,3,50%,2.16%,,,,,,,,,,,,
ACuramJauhKecilYes,0,0.00%,0,0%,0.00%,,,,,,,,,,,,
ACuramJauhKecilNo,0,0.00%,0,0%,0.00%,,,,,,,,,,,,
ACuramJauhSedangYes,0,0.00%,0,0%,0.00%,,,,,,,,,,,,
ACuramJauhSedangNo,0,0.00%,0,0%,0.00%,,,,,,,,,,,,
ACuramJauhBesarYes,0,0.00%,0,0%,0.00%,,,,,,,,,,,,
ACuramJauhBesarNo,1,4.94%,1,100%,4.94%,,,,,,,,,,,,
ACuramTdk JauhKecilYes,0,0.00%,0,0%,0.00%,,,,,,,,,,,,
ACuramTdk JauhKecilNo,0,0.00%,0,0%,0.00%,,,,,,,,,,,,
ACuramTdk JauhSedangYes,0,0.00%,0,0%,0.00%,,,,,,,,,,,,
ACuramTdk JauhSedangNo,0,0.00%,0,0%,0.00%,,,,,,,,,,,,
ACuramTdk JauhBesarYes,1,1.41%,1,100%,1.41%,,,,,,,,,,,,
ACuramTdk JauhBesarNo,1,9.42%,1,100%,9.42%,,,,,,,,,,,,
ACuramnondefKecilYes,0,0.00%,0,0%,0.00%,,,,,,,,,,,,
ACuramnondefKecilNo,0,0.00%,0,0%,0.00%,,,,,,,,,,,,
ACuramnondefSedangYes,0,0.00%,0,0%,0.00%,,,,,,,,,,,,
ACuramnondefSedangNo,0,0.00%,0,0%,0.00%,,,,,,,,,,,,
ACuramnondefBesarYes,3,17.66%,2,67%,5.89%,,,,,,,,,,,,
ACuramnondefBesarNo,1,-3.00%,0,0%,-3.00%,,,,,,,,,,,,
ACuramMendekatiKecilYes,0,0.00%,0,0%,0.00%,,,,,,,,,,,,
ACuramMendekatiKecilNo,0,0.00%,0,0%,0.00%,,,,,,,,,,,,
ACuramMendekatiSedangYes,0,0.00%,0,0%,0.00%,,,,,,,,,,,,
ACuramMendekatiSedangNo,0,0.00%,0,0%,0.00%,,,,,,,,,,,,
ACuramMendekatiBesarYes,1,3.35%,1,100%,3.35%,,,,,,,,,,,,
ACuramMendekatiBesarNo,0,0.00%,0,0%,0.00%,,,,,,,,,,,,
AJauhCuramKecilYes,0,0.00%,0,0%,0.00%,,,,,,,,,,,,
AJauhCuramKecilNo,0,0.00%,0,0%,0.00%,,,,,,,,,,,,
AJauhCuramSedangYes,0,0.00%,0,0%,0.00%,,,,,,,,,,,,
AJauhCuramSedangNo,0,0.00%,0,0%,0.00%,,,,,,,,,,,,
AJauhCuramBesarYes,0,0.00%,0,0%,0.00%,,,,,,,,,,,,
AJauhCuramBesarNo,2,0.18%,1,50%,0.09%,,,,,,,,,,,,
AJauhJauhKecilYes,0,0.00%,0,0%,0.00%,,,,,,,,,,,,
AJauhJauhKecilNo,0,0.00%,0,0%,0.00%,,,,,,,,,,,,
AJauhJauhSedangYes,0,0.00%,0,0%,0.00%,,,,,,,,,,,,
AJauhJauhSedangNo,0,0.00%,0,0%,0.00%,,,,,,,,,,,,
AJauhJauhBesarYes,0,0.00%,0,0%,0.00%,,,,,,,,,,,,
AJauhJauhBesarNo,3,2.80%,2,67%,0.93%,,,,,,,,,,,,
AJauhTdk JauhKecilYes,0,0.00%,0,0%,0.00%,,,,,,,,,,,,
AJauhTdk JauhKecilNo,1,2.81%,1,100%,2.81%,,,,,,,,,,,,
AJauhTdk JauhSedangYes,1,-0.09%,0,0%,-0.09%,,,,,,,,,,,,
AJauhTdk JauhSedangNo,2,5.10%,2,100%,2.55%,,,,,,,,,,,,
AJauhTdk JauhBesarYes,1,-1.00%,0,0%,-1.00%,,,,,,,,,,,,
AJauhTdk JauhBesarNo,3,4.84%,3,100%,1.61%,,,,,,,,,,,,
AJauhnondefKecilYes,0,0.00%,0,0%,0.00%,,,,,,,,,,,,
AJauhnondefKecilNo,0,0.00%,0,0%,0.00%,,,,,,,,,,,,
AJauhnondefSedangYes,1,1.34%,1,100%,1.34%,,,,,,,,,,,,
AJauhnondefSedangNo,3,1.36%,2,67%,0.45%,,,,,,,,,,,,
AJauhnondefBesarYes,0,0.00%,0,0%,0.00%,,,,,,,,,,,,
AJauhnondefBesarNo,1,0.18%,1,100%,0.18%,,,,,,,,,,,,
AJauhMendekatiKecilYes,1,-1.00%,0,0%,-1.00%,,,,,,,,,,,,
AJauhMendekatiKecilNo,0,0.00%,0,0%,0.00%,,,,,,,,,,,,
AJauhMendekatiSedangYes,0,0.00%,0,0%,0.00%,,,,,,,,,,,,
AJauhMendekatiSedangNo,2,4.65%,2,100%,2.33%,,,,,,,,,,,,
AJauhMendekatiBesarYes,0,0.00%,0,0%,0.00%,,,,,,,,,,,,
AJauhMendekatiBesarNo,0,0.00%,0,0%,0.00%,,,,,,,,,,,,
ATdk JauhCuramKecilYes,0,0.00%,0,0%,0.00%,,,,,,,,,,,,
ATdk JauhCuramKecilNo,0,0.00%,0,0%,0.00%,,,,,,,,,,,,
ATdk JauhCuramSedangYes,0,0.00%,0,0%,0.00%,,,,,,,,,,,,
ATdk JauhCuramSedangNo,0,0.00%,0,0%,0.00%,,,,,,,,,,,,
ATdk JauhCuramBesarYes,0,0.00%,0,0%,0.00%,,,,,,,,,,,,
ATdk JauhCuramBesarNo,1,2.36%,1,100%,2.36%,,,,,,,,,,,,
ATdk JauhJauhKecilYes,0,0.00%,0,0%,0.00%,,,,,,,,,,,,
ATdk JauhJauhKecilNo,0,0.00%,0,0%,0.00%,,,,,,,,,,,,
ATdk JauhJauhSedangYes,0,0.00%,0,0%,0.00%,,,,,,,,,,,,
ATdk JauhJauhSedangNo,1,0.88%,1,100%,0.88%,,,,,,,,,,,,
ATdk JauhJauhBesarYes,0,0.00%,0,0%,0.00%,,,,,,,,,,,,
ATdk JauhJauhBesarNo,3,-0.22%,1,33%,-0.07%,,,,,,,,,,,,
ATdk JauhTdk JauhKecilYes,1,0.00%,0,0%,0.00%,,,,,,,,,,,,
ATdk JauhTdk JauhKecilNo,1,2.86%,1,100%,2.86%,,,,,,,,,,,,
ATdk JauhTdk JauhSedangYes,0,0.00%,0,0%,0.00%,,,,,,,,,,,,
ATdk JauhTdk JauhSedangNo,10,9.71%,5,50%,0.97%,,,,,,,,,,,,
ATdk JauhTdk JauhBesarYes,0,0.00%,0,0%,0.00%,,,,,,,,,,,,
ATdk JauhTdk JauhBesarNo,2,6.67%,2,100%,3.34%,,,,,,,,,,,,
ATdk JauhnondefKecilYes,1,-1.00%,0,0%,-1.00%,,,,,,,,,,,,
ATdk JauhnondefKecilNo,4,3.24%,2,50%,0.81%,,,,,,,,,,,,
ATdk JauhnondefSedangYes,2,0.30%,1,50%,0.15%,,,,,,,,,,,,
ATdk JauhnondefSedangNo,4,13.33%,1,25%,3.33%,,,,,,,,,,,,
ATdk JauhnondefBesarYes,1,4.93%,1,100%,4.93%,,,,,,,,,,,,
ATdk JauhnondefBesarNo,1,0.04%,1,100%,0.04%,,,,,,,,,,,,
ATdk JauhMendekatiKecilYes,3,1.30%,2,67%,0.43%,,,,,,,,,,,,
ATdk JauhMendekatiKecilNo,4,-1.35%,1,25%,-0.34%,,,,,,,,,,,,
ATdk JauhMendekatiSedangYes,6,1.69%,3,50%,0.28%,,,,,,,,,,,,
ATdk JauhMendekatiSedangNo,4,4.81%,3,75%,1.20%,,,,,,,,,,,,
ATdk JauhMendekatiBesarYes,0,0.00%,0,0%,0.00%,,,,,,,,,,,,
ATdk JauhMendekatiBesarNo,0,0.00%,0,0%,0.00%,,,,,,,,,,,,
AnondefCuramKecilYes,0,0.00%,0,0%,0.00%,,,,,,,,,,,,
AnondefCuramKecilNo,0,0.00%,0,0%,0.00%,,,,,,,,,,,,
AnondefCuramSedangYes,0,0.00%,0,0%,0.00%,,,,,,,,,,,,
AnondefCuramSedangNo,0,0.00%,0,0%,0.00%,,,,,,,,,,,,
AnondefCuramBesarYes,0,0.00%,0,0%,0.00%,,,,,,,,,,,,
AnondefCuramBesarNo,3,3.72%,1,33%,1.24%,,,,,,,,,,,,
AnondefJauhKecilYes,0,0.00%,0,0%,0.00%,,,,,,,,,,,,
AnondefJauhKecilNo,0,0.00%,0,0%,0.00%,,,,,,,,,,,,
AnondefJauhSedangYes,0,0.00%,0,0%,0.00%,,,,,,,,,,,,
AnondefJauhSedangNo,1,0.90%,1,100%,0.90%,,,,,,,,,,,,
AnondefJauhBesarYes,0,0.00%,0,0%,0.00%,,,,,,,,,,,,
AnondefJauhBesarNo,4,1.44%,1,25%,0.36%,,,,,,,,,,,,
AnondefTdk JauhKecilYes,0,0.00%,0,0%,0.00%,,,,,,,,,,,,
AnondefTdk JauhKecilNo,2,0.31%,1,50%,0.16%,,,,,,,,,,,,
AnondefTdk JauhSedangYes,0,0.00%,0,0%,0.00%,,,,,,,,,,,,
AnondefTdk JauhSedangNo,7,13.10%,6,86%,1.87%,,,,,,,,,,,,
AnondefTdk JauhBesarYes,0,0.00%,0,0%,0.00%,,,,,,,,,,,,
AnondefTdk JauhBesarNo,2,9.08%,2,100%,4.54%,,,,,,,,,,,,
AnondefnondefKecilYes,3,2.79%,2,67%,0.93%,,,,,,,,,,,,
AnondefnondefKecilNo,6,0.17%,3,50%,0.03%,,,,,,,,,,,,
AnondefnondefSedangYes,5,4.23%,4,80%,0.85%,,,,,,,,,,,,
AnondefnondefSedangNo,5,3.94%,2,40%,0.79%,,,,,,,,,,,,
AnondefnondefBesarYes,0,0.00%,0,0%,0.00%,,,,,,,,,,,,
AnondefnondefBesarNo,1,5.20%,1,100%,5.20%,,,,,,,,,,,,
AnondefMendekatiKecilYes,5,0.63%,3,60%,0.13%,,,,,,,,,,,,
AnondefMendekatiKecilNo,6,4.90%,3,50%,0.82%,,,,,,,,,,,,
AnondefMendekatiSedangYes,2,2.82%,2,100%,1.41%,,,,,,,,,,,,
AnondefMendekatiSedangNo,1,2.68%,1,100%,2.68%,,,,,,,,,,,,
AnondefMendekatiBesarYes,0,0.00%,0,0%,0.00%,,,,,,,,,,,,
AnondefMendekatiBesarNo,1,2.53%,1,100%,2.53%,,,,,,,,,,,,
AMendekatiCuramKecilYes,0,0.00%,0,0%,0.00%,,,,,,,,,,,,
AMendekatiCuramKecilNo,0,0.00%,0,0%,0.00%,,,,,,,,,,,,
AMendekatiCuramSedangYes,0,0.00%,0,0%,0.00%,,,,,,,,,,,,
AMendekatiCuramSedangNo,0,0.00%,0,0%,0.00%,,,,,,,,,,,,
AMendekatiCuramBesarYes,0,0.00%,0,0%,0.00%,,,,,,,,,,,,
AMendekatiCuramBesarNo,0,0.00%,0,0%,0.00%,,,,,,,,,,,,
AMendekatiJauhKecilYes,0,0.00%,0,0%,0.00%,,,,,,,,,,,,
AMendekatiJauhKecilNo,0,0.00%,0,0%,0.00%,,,,,,,,,,,,
AMendekatiJauhSedangYes,0,0.00%,0,0%,0.00%,,,,,,,,,,,,
AMendekatiJauhSedangNo,0,0.00%,0,0%,0.00%,,,,,,,,,,,,
AMendekatiJauhBesarYes,0,0.00%,0,0%,0.00%,,,,,,,,,,,,
AMendekatiJauhBesarNo,2,6.61%,1,50%,3.31%,,,,,,,,,,,,
AMendekatiTdk JauhKecilYes,0,0.00%,0,0%,0.00%,,,,,,,,,,,,
AMendekatiTdk JauhKecilNo,0,0.00%,0,0%,0.00%,,,,,,,,,,,,
AMendekatiTdk JauhSedangYes,1,-1.00%,0,0%,-1.00%,,,,,,,,,,,,
AMendekatiTdk JauhSedangNo,3,-4.92%,1,33%,-1.64%,,,,,,,,,,,,
AMendekatiTdk JauhBesarYes,2,-2.00%,0,0%,-1.00%,,,,,,,,,,,,
AMendekatiTdk JauhBesarNo,1,3.92%,1,100%,3.92%,,,,,,,,,,,,
AMendekatinondefKecilYes,3,6.57%,3,100%,2.19%,,,,,,,,,,,,
AMendekatinondefKecilNo,8,9.75%,6,75%,1.22%,,,,,,,,,,,,
AMendekatinondefSedangYes,7,4.37%,4,57%,0.62%,,,,,,,,,,,,
AMendekatinondefSedangNo,5,1.72%,3,60%,0.34%,,,,,,,,,,,,
AMendekatinondefBesarYes,0,0.00%,0,0%,0.00%,,,,,,,,,,,,
AMendekatinondefBesarNo,0,0.00%,0,0%,0.00%,,,,,,,,,,,,
AMendekatiMendekatiKecilYes,10,7.66%,7,70%,0.77%,,,,,,,,,,,,
AMendekatiMendekatiKecilNo,13,-5.20%,5,38%,-0.40%,,,,,,,,,,,,
AMendekatiMendekatiSedangYes,3,5.04%,2,67%,1.68%,,,,,,,,,,,,
AMendekatiMendekatiSedangNo,2,-0.46%,1,50%,-0.23%,,,,,,,,,,,,
AMendekatiMendekatiBesarYes,0,0.00%,0,0%,0.00%,,,,,,,,,,,,
AMendekatiMendekatiBesarNo,0,0.00%,0,0%,0.00%,,,,,,,,,,,,
BCuramCuramKecilYes,0,0.00%,0,0%,,0,0,0.00%,0.00%,0,0,0.00%,0.00%,0,0,0.00%,0.00%
BCuramCuramKecilNo,0,0.00%,0,0%,,0,0,0.00%,0.00%,0,0,0.00%,0.00%,0,0,0.00%,0.00%
BCuramCuramSedangYes,0,0.00%,0,0%,,0,0,0.00%,0.00%,0,0,0.00%,0.00%,0,0,0.00%,0.00%
BCuramCuramSedangNo,0,0.00%,0,0%,,0,0,0.00%,0.00%,0,0,0.00%,0.00%,0,0,0.00%,0.00%
BCuramCuramBesarYes,1,0.55%,1,100%,,0,0,0.00%,0.00%,1,1,100.00%,0.55%,0,0,0.00%,0.00%
BCuramCuramBesarNo,34,50.86%,21,62%,,7,0,0.00%,-10.24%,18,13,38.24%,24.17%,9,8,23.53%,36.93%
BCuramJauhKecilYes,0,0.00%,0,0%,,0,0,0.00%,0.00%,0,0,0.00%,0.00%,0,0,0.00%,0.00%
BCuramJauhKecilNo,0,0.00%,0,0%,,0,0,0.00%,0.00%,0,0,0.00%,0.00%,0,0,0.00%,0.00%
BCuramJauhSedangYes,0,0.00%,0,0%,,0,0,0.00%,0.00%,0,0,0.00%,0.00%,0,0,0.00%,0.00%
BCuramJauhSedangNo,0,0.00%,0,0%,,0,0,0.00%,0.00%,0,0,0.00%,0.00%,0,0,0.00%,0.00%
BCuramJauhBesarYes,1,5.97%,1,100%,,0,0,0.00%,0.00%,1,1,100.00%,5.97%,0,0,0.00%,0.00%
BCuramJauhBesarNo,7,3.54%,4,57%,,2,0,0.00%,-2.84%,4,3,42.86%,4.21%,1,1,14.29%,2.17%
BCuramTdk JauhKecilYes,0,0.00%,0,0%,,0,0,0.00%,0.00%,0,0,0.00%,0.00%,0,0,0.00%,0.00%
BCuramTdk JauhKecilNo,0,0.00%,0,0%,,0,0,0.00%,0.00%,0,0,0.00%,0.00%,0,0,0.00%,0.00%
BCuramTdk JauhSedangYes,0,0.00%,0,0%,,0,0,0.00%,0.00%,0,0,0.00%,0.00%,0,0,0.00%,0.00%
BCuramTdk JauhSedangNo,0,0.00%,0,0%,,0,0,0.00%,0.00%,0,0,0.00%,0.00%,0,0,0.00%,0.00%
BCuramTdk JauhBesarYes,0,0.00%,0,0%,,0,0,0.00%,0.00%,0,0,0.00%,0.00%,0,0,0.00%,0.00%
BCuramTdk JauhBesarNo,1,-0.36%,0,0%,,0,0,0.00%,0.00%,1,0,0.00%,-0.36%,0,0,0.00%,0.00%
BCuramnondefKecilYes,0,0.00%,0,0%,,0,0,0.00%,0.00%,0,0,0.00%,0.00%,0,0,0.00%,0.00%
BCuramnondefKecilNo,0,0.00%,0,0%,,0,0,0.00%,0.00%,0,0,0.00%,0.00%,0,0,0.00%,0.00%
BCuramnondefSedangYes,0,0.00%,0,0%,,0,0,0.00%,0.00%,0,0,0.00%,0.00%,0,0,0.00%,0.00%
BCuramnondefSedangNo,0,0.00%,0,0%,,0,0,0.00%,0.00%,0,0,0.00%,0.00%,0,0,0.00%,0.00%
BCuramnondefBesarYes,0,0.00%,0,0%,,0,0,0.00%,0.00%,0,0,0.00%,0.00%,0,0,0.00%,0.00%
BCuramnondefBesarNo,1,0.21%,1,100%,,0,0,0.00%,0.00%,0,0,0.00%,0.00%,1,1,100.00%,0.21%
BCuramMendekatiKecilYes,0,0.00%,0,0%,,0,0,0.00%,0.00%,0,0,0.00%,0.00%,0,0,0.00%,0.00%
BCuramMendekatiKecilNo,0,0.00%,0,0%,,0,0,0.00%,0.00%,0,0,0.00%,0.00%,0,0,0.00%,0.00%
BCuramMendekatiSedangYes,0,0.00%,0,0%,,0,0,0.00%,0.00%,0,0,0.00%,0.00%,0,0,0.00%,0.00%
BCuramMendekatiSedangNo,0,0.00%,0,0%,,0,0,0.00%,0.00%,0,0,0.00%,0.00%,0,0,0.00%,0.00%
BCuramMendekatiBesarYes,1,2.12%,1,100%,,0,0,0.00%,0.00%,0,0,0.00%,0.00%,1,1,100.00%,2.12%
BCuramMendekatiBesarNo,1,-0.89%,0,0%,,1,0,0.00%,-0.89%,0,0,0.00%,0.00%,0,0,0.00%,0.00%
BJauhCuramKecilYes,0,0.00%,0,0%,,0,0,0.00%,0.00%,0,0,0.00%,0.00%,0,0,0.00%,0.00%
BJauhCuramKecilNo,0,0.00%,0,0%,,0,0,0.00%,0.00%,0,0,0.00%,0.00%,0,0,0.00%,0.00%
BJauhCuramSedangYes,0,0.00%,0,0%,,0,0,0.00%,0.00%,0,0,0.00%,0.00%,0,0,0.00%,0.00%
BJauhCuramSedangNo,0,0.00%,0,0%,,0,0,0.00%,0.00%,0,0,0.00%,0.00%,0,0,0.00%,0.00%
BJauhCuramBesarYes,3,-0.46%,2,67%,,1,0,0.00%,-2.00%,1,1,33.33%,0.06%,1,1,33.33%,1.48%
BJauhCuramBesarNo,37,42.21%,21,57%,,12,0,0.00%,-15.08%,9,7,18.92%,19.66%,16,14,37.84%,37.63%
BJauhJauhKecilYes,0,0.00%,-15.08%,9,,0,0,0.00%,0.00%,0,0,0.00%,0.00%,0,0,0.00%,0.00%
BJauhJauhKecilNo,0,0.00%,0,0%,,0,0,0.00%,0.00%,0,0,0.00%,0.00%,0,0,0.00%,0.00%
BJauhJauhSedangYes,0,0.00%,0,0%,,0,0,0.00%,0.00%,0,0,0.00%,0.00%,0,0,0.00%,0.00%
BJauhJauhSedangNo,0,0.00%,0,0%,,2,0,0.00%,-1.60%,4,3,37.50%,1.84%,2,2,25.00%,10.90%
BJauhJauhBesarYes,8,11.14%,5,63%,,1,0,0.00%,-0.59%,0,0,0.00%,0.00%,0,0,0.00%,0.00%
BJauhJauhBesarNo,0,0.00%,-1.60%,4,,8,0,0.00%,-9.09%,8,7,31.82%,33.52%,6,5,22.73%,43.23%
BJauhTdk JauhKecilYes,1,-0.59%,0,0%,,0,0,0.00%,0.00%,0,0,0.00%,0.00%,0,0,0.00%,0.00%
BJauhTdk JauhKecilNo,22,67.66%,12,55%,,1,0,0.00%,-2.00%,0,0,0.00%,0.00%,0,0,0.00%,0.00%
BJauhTdk JauhSedangYes,0,0.00%,-9.09%,8,,0,0,0.00%,0.00%,1,1,100.00%,0.11%,0,0,0.00%,0.00%
BJauhTdk JauhSedangNo,0,0.00%,0,0%,,2,0,0.00%,-1.89%,4,4,50.00%,16.85%,2,2,25.00%,4.80%
BJauhTdk JauhBesarYes,1,-2.00%,0,0%,,1,0,0.00%,-2.00%,0,0,0.00%,0.00%,0,0,0.00%,0.00%
BJauhTdk JauhBesarNo,1,0.11%,1,100%,,0,0,0.00%,0.00%,0,0,0.00%,0.00%,0,0,0.00%,0.00%
BJauhnondefKecilYes,8,19.76%,6,75%,,0,0,0.00%,0.00%,0,0,0.00%,0.00%,0,0,0.00%,0.00%
BJauhnondefKecilNo,0,0.00%,-1.89%,4,,0,0,0.00%,0.00%,0,0,0.00%,0.00%,0,0,0.00%,0.00%
BJauhnondefSedangYes,1,-2.00%,0,0%,,0,0,0.00%,0.00%,2,2,100.00%,18.62%,0,0,0.00%,0.00%
BJauhnondefSedangNo,0,0.00%,0,0%,,0,0,0.00%,0.00%,0,0,0.00%,0.00%,0,0,0.00%,0.00%
BJauhnondefBesarYes,0,0.00%,0,0%,,1,0,0.00%,-0.87%,0,0,0.00%,0.00%,0,0,0.00%,0.00%
BJauhnondefBesarNo,0,0.00%,0,0%,,1,0,0.00%,-1.00%,0,0,0.00%,0.00%,0,0,0.00%,0.00%
BJauhMendekatiKecilYes,2,18.62%,2,100%,,0,0,0.00%,0.00%,0,0,0.00%,0.00%,0,0,0.00%,0.00%
BJauhMendekatiKecilNo,0,0.00%,0,0%,,0,0,0.00%,0.00%,0,0,0.00%,0.00%,0,0,0.00%,0.00%
BJauhMendekatiSedangYes,1,-0.87%,0,0%,,0,0,0.00%,0.00%,0,0,0.00%,0.00%,0,0,0.00%,0.00%
BJauhMendekatiSedangNo,1,-1.00%,0,0%,,0,0,0.00%,0.00%,0,0,0.00%,0.00%,2,1,50.00%,3.99%
BJauhMendekatiBesarYes,0,0.00%,0,0%,,0,0,0.00%,0.00%,0,0,0.00%,0.00%,0,0,0.00%,0.00%
BJauhMendekatiBesarNo,0,0.00%,0,0%,,0,0,0.00%,0.00%,0,0,0.00%,0.00%,0,0,0.00%,0.00%
BTdk JauhCuramKecilYes,0,0.00%,0,0%,,0,0,0.00%,0.00%,0,0,0.00%,0.00%,0,0,0.00%,0.00%
BTdk JauhCuramKecilNo,2,3.99%,1,50%,,0,0,0.00%,0.00%,0,0,0.00%,0.00%,0,0,0.00%,0.00%
BTdk JauhCuramSedangYes,0,0.00%,0,0%,,0,0,0.00%,0.00%,0,0,0.00%,0.00%,0,0,0.00%,0.00%
BTdk JauhCuramSedangNo,0,0.00%,0,0%,,0,0,0.00%,0.00%,0,0,0.00%,0.00%,0,0,0.00%,0.00%
BTdk JauhCuramBesarYes,0,0.00%,0,0%,,1,0,0.00%,-3.00%,0,0,0.00%,0.00%,1,1,50.00%,0.95%
BTdk JauhCuramBesarNo,0,0.00%,0,0%,,10,0,0.00%,-11.10%,3,3,12.00%,12.70%,12,11,44.00%,58.04%
BTdk JauhJauhKecilYes,0,0.00%,0,0%,,0,0,0.00%,0.00%,0,0,0.00%,0.00%,0,0,0.00%,0.00%
BTdk JauhJauhKecilNo,0,0.00%,0,0%,,0,0,0.00%,0.00%,0,0,0.00%,0.00%,0,0,0.00%,0.00%
BTdk JauhJauhSedangYes,2,-2.05%,1,50%,,1,0,0.00%,-1.00%,0,0,0.00%,0.00%,0,0,0.00%,0.00%
BTdk JauhJauhSedangNo,25,59.64%,14,56%,,4,0,0.00%,-4.66%,6,4,22.22%,9.43%,8,8,44.44%,52.73%
BTdk JauhJauhBesarYes,0,0.00%,-11.10%,3,,0,0,0.00%,0.00%,0,0,0.00%,0.00%,1,1,100.00%,7.38%
BTdk JauhJauhBesarNo,0,0.00%,0,0%,,12,1,2.56%,-12.81%,16,12,30.77%,17.88%,11,10,25.64%,38.25%
BTdk JauhTdk JauhKecilYes,0,0.00%,0,0%,,1,0,0.00%,-0.93%,0,0,0.00%,0.00%,0,0,0.00%,0.00%
BTdk JauhTdk JauhKecilNo,1,-1.00%,0,0%,,1,0,0.00%,-1.20%,3,3,50.00%,11.33%,2,2,33.33%,13.51%
BTdk JauhTdk JauhSedangYes,18,57.50%,12,67%,,2,0,0.00%,-3.50%,3,2,22.22%,33.90%,4,3,33.33%,11.30%
BTdk JauhTdk JauhSedangNo,0,0.00%,-4.66%,6,,3,0,0.00%,-5.02%,12,10,41.67%,32.55%,9,7,29.17%,25.99%
BTdk JauhTdk JauhBesarYes,1,7.38%,1,100%,,1,0,0.00%,-1.17%,1,1,20.00%,4.27%,3,3,60.00%,26.56%
BTdk JauhTdk JauhBesarNo,39,43.32%,23,59%,,1,0,0.00%,-0.64%,1,1,33.33%,10.35%,1,1,33.33%,13.92%
BTdk JauhnondefKecilYes,1,2.56%,-12.81%,16,,0,0,0.00%,0.00%,1,1,50.00%,1.15%,1,1,50.00%,5.13%
BTdk JauhnondefKecilNo,1,-0.93%,0,0%,,1,0,0.00%,-1.00%,2,1,20.00%,0.99%,2,2,40.00%,17.31%
BTdk JauhnondefSedangYes,6,23.64%,5,83%,,0,0,0.00%,0.00%,1,1,33.33%,16.54%,2,1,33.33%,6.33%
BTdk JauhnondefSedangNo,9,41.70%,5,56%,,1,0,0.00%,-3.00%,0,0,0.00%,0.00%,0,0,0.00%,0.00%
BTdk JauhnondefBesarYes,0,0.00%,-3.50%,3,,0,0,0.00%,0.00%,2,2,66.67%,6.25%,1,1,33.33%,4.55%
BTdk JauhnondefBesarNo,24,53.52%,17,71%,,0,0,0.00%,0.00%,3,3,100.00%,3.80%,0,0,0.00%,0.00%
BTdk JauhMendekatiKecilYes,0,0.00%,-5.02%,12,,0,0,0.00%,0.00%,0,0,0.00%,0.00%,1,1,100.00%,0.01%
BTdk JauhMendekatiKecilNo,5,29.66%,4,80%,,0,0,0.00%,0.00%,1,1,50.00%,1.06%,1,1,50.00%,4.13%
BTdk JauhMendekatiSedangYes,3,23.63%,2,67%,,1,0,0.00%,-1.00%,1,1,50.00%,10.18%,0,0,0.00%,0.00%
BTdk JauhMendekatiSedangNo,2,6.28%,2,100%,,3,1,16.67%,-2.02%,1,1,16.67%,1.00%,2,0,0.00%,-1.57%
BTdk JauhMendekatiBesarYes,5,17.30%,3,60%,,0,0,0.00%,0.00%,0,0,0.00%,0.00%,2,2,100.00%,0.60%
BTdk JauhMendekatiBesarNo,3,22.87%,2,67%,,0,0,0.00%,0.00%,0,0,0.00%,0.00%,0,0,0.00%,0.00%
BnondefCuramKecilYes,1,-3.00%,0,0%,,0,0,0.00%,0.00%,0,0,0.00%,0.00%,0,0,0.00%,0.00%
BnondefCuramKecilNo,3,10.80%,3,100%,,0,0,0.00%,0.00%,0,0,0.00%,0.00%,0,0,0.00%,0.00%
BnondefCuramSedangYes,3,3.80%,3,100%,,0,0,0.00%,0.00%,0,0,0.00%,0.00%,0,0,0.00%,0.00%
BnondefCuramSedangNo,1,0.01%,1,100%,,0,0,0.00%,0.00%,0,0,0.00%,0.00%,0,0,0.00%,0.00%
BnondefCuramBesarYes,2,5.19%,2,100%,,1,0,0.00%,-4.00%,0,0,0.00%,0.00%,1,1,50.00%,6.46%
BnondefCuramBesarNo,2,9.18%,1,50%,,5,1,12.50%,-4.78%,2,2,25.00%,2.00%,1,1,12.50%,1.04%
BnondefJauhKecilYes,6,-2.59%,2,33%,,0,0,0.00%,0.00%,0,0,0.00%,0.00%,0,0,0.00%,0.00%
BnondefJauhKecilNo,2,0.60%,2,100%,,0,0,0.00%,0.00%,0,0,0.00%,0.00%,0,0,0.00%,0.00%
BnondefJauhSedangYes,0,0.00%,0,0%,,2,0,0.00%,-5.30%,1,1,33.33%,0.55%,0,0,0.00%,0.00%
BnondefJauhSedangNo,0,0.00%,0,0%,,1,0,0.00%,-1.28%,1,1,16.67%,5.30%,4,4,66.67%,33.66%
BnondefJauhBesarYes,0,0.00%,0,0%,,1,0,0.00%,-1.00%,1,0,0.00%,-1.44%,0,0,0.00%,0.00%
BnondefJauhBesarNo,0,0.00%,0,0%,,3,0,0.00%,-3.48%,2,2,28.57%,6.65%,2,1,14.29%,10.53%
BnondefTdk JauhKecilYes,0,0.00%,0,0%,,3,1,20.00%,-2.19%,1,1,20.00%,5.81%,1,0,0.00%,-0.25%
BnondefTdk JauhKecilNo,2,2.46%,1,50%,,3,0,0.00%,-4.80%,4,4,28.57%,5.92%,7,6,42.86%,27.10%
BnondefTdk JauhSedangYes,8,-1.74%,4,50%,,1,0,0.00%,-1.00%,4,3,42.86%,16.58%,2,2,28.57%,12.91%
BnondefTdk JauhSedangNo,1,12.50%,-4.78%,2,,11,1,3.57%,-10.11%,9,8,28.57%,27.28%,8,7,25.00%,28.69%
BnondefTdk JauhBesarYes,0,0.00%,0,0%,,1,0,0.00%,-1.00%,3,2,33.33%,2.97%,2,1,16.67%,0.52%
BnondefTdk JauhBesarNo,0,0.00%,0,0%,,1,0,0.00%,-1.00%,2,2,50.00%,6.50%,1,0,0.00%,-1.15%
BnondefnondefKecilYes,3,-4.75%,1,33%,,2,0,0.00%,-1.26%,2,2,25.00%,5.85%,4,4,50.00%,10.58%
BnondefnondefKecilNo,6,37.68%,5,83%,,2,0,0.00%,-2.49%,3,2,25.00%,4.60%,3,2,25.00%,8.80%
BnondefnondefSedangYes,2,-2.44%,0,0%,,5,0,0.00%,-6.09%,3,3,30.00%,12.08%,2,2,20.00%,7.58%
BnondefnondefSedangNo,7,13.70%,3,43%,,1,0,0.00%,-2.00%,1,1,50.00%,1.58%,0,0,0.00%,0.00%
BnondefnondefBesarYes,0,0.00%,-3.48%,2,,1,0,0.00%,-0.84%,1,1,33.33%,1.62%,1,1,33.33%,1.71%
BnondefnondefBesarNo,5,3.37%,2,40%,,0,0,0.00%,0.00%,0,0,0.00%,0.00%,0,0,0.00%,0.00%
BnondefMendekatiKecilYes,1,20.00%,-2.19%,1,,0,0,0.00%,0.00%,2,2,40.00%,6.36%,3,3,60.00%,6.63%
BnondefMendekatiKecilNo,14,28.22%,10,71%,,1,0,0.00%,-0.48%,2,2,50.00%,6.19%,1,0,0.00%,-0.86%
BnondefMendekatiSedangYes,0,0.00%,-4.80%,4,,1,0,0.00%,-0.96%,1,1,33.33%,6.87%,1,1,33.33%,0.36%
BnondefMendekatiSedangNo,7,28.49%,5,71%,,1,0,0.00%,-1.00%,0,0,0.00%,0.00%,1,1,50.00%,4.29%
BnondefMendekatiBesarYes,28,45.86%,16,57%,,0,0,0.00%,0.00%,0,0,0.00%,0.00%,0,0,0.00%,0.00%
BnondefMendekatiBesarNo,1,3.57%,-10.11%,9,,1,0,0.00%,-1.22%,0,0,0.00%,0.00%,0,0,0.00%,0.00%
BMendekatiCuramKecilYes,6,2.49%,3,50%,,0,0,0.00%,0.00%,0,0,0.00%,0.00%,0,0,0.00%,0.00%
BMendekatiCuramKecilNo,4,4.35%,2,50%,,0,0,0.00%,0.00%,0,0,0.00%,0.00%,0,0,0.00%,0.00%
BMendekatiCuramSedangYes,8,15.17%,6,75%,,0,0,0.00%,0.00%,0,0,0.00%,0.00%,0,0,0.00%,0.00%
BMendekatiCuramSedangNo,8,10.91%,4,50%,,0,0,0.00%,0.00%,0,0,0.00%,0.00%,0,0,0.00%,0.00%
BMendekatiCuramBesarYes,10,13.57%,5,50%,,0,0,0.00%,0.00%,2,2,100.00%,2.85%,0,0,0.00%,0.00%
BMendekatiCuramBesarNo,2,-0.42%,1,50%,,1,0,0.00%,-1.32%,2,1,14.29%,1.80%,4,3,42.86%,28.79%
BMendekatiJauhKecilYes,3,2.49%,2,67%,,0,0,0.00%,0.00%,0,0,0.00%,0.00%,0,0,0.00%,0.00%
BMendekatiJauhKecilNo,0,0.00%,0,0%,,0,0,0.00%,0.00%,0,0,0.00%,0.00%,0,0,0.00%,0.00%
BMendekatiJauhSedangYes,5,12.99%,5,100%,,2,0,0.00%,-2.00%,1,1,33.33%,1.73%,0,0,0.00%,0.00%
BMendekatiJauhSedangNo,4,4.85%,2,50%,,2,0,0.00%,-2.00%,2,0,0.00%,-0.98%,1,1,20.00%,1.42%
BMendekatiJauhBesarYes,3,6.27%,2,67%,,0,0,0.00%,0.00%,2,2,66.67%,0.70%,1,1,33.33%,5.54%
BMendekatiJauhBesarNo,2,3.29%,1,50%,,1,0,0.00%,-2.00%,6,6,50.00%,32.09%,5,4,33.33%,23.67%
BMendekatiTdk JauhKecilYes,0,0.00%,0,0%,,0,0,0.00%,0.00%,2,2,50.00%,3.20%,2,1,25.00%,0.84%
BMendekatiTdk JauhKecilNo,1,-1.22%,0,0%,,4,0,0.00%,-3.59%,4,3,30.00%,3.30%,2,2,20.00%,10.55%
BMendekatiTdk JauhSedangYes,0,0.00%,0,0%,,3,0,0.00%,-4.82%,3,2,22.22%,2.65%,3,1,11.11%,-1.29%
BMendekatiTdk JauhSedangNo,0,0.00%,0,0%,,6,0,0.00%,-7.12%,10,8,38.10%,28.33%,5,4,19.05%,15.45%
BMendekatiTdk JauhBesarYes,0,0.00%,0,0%,,1,0,0.00%,-0.68%,3,3,50.00%,13.75%,2,1,16.67%,3.51%
BMendekatiTdk JauhBesarNo,0,0.00%,0,0%,,3,1,20.00%,-2.59%,1,1,20.00%,0.55%,1,1,20.00%,2.49%
BMendekatinondefKecilYes,2,2.85%,2,100%,,2,0,0.00%,-2.98%,1,1,25.00%,2.56%,1,1,25.00%,2.04%
BMendekatinondefKecilNo,7,29.27%,4,57%,,2,1,9.09%,-2.95%,5,4,36.36%,9.59%,4,2,18.18%,10.23%
BMendekatinondefSedangYes,0,0.00%,0,0%,,3,0,0.00%,-3.18%,2,2,28.57%,4.52%,2,2,28.57%,3.99%
BMendekatinondefSedangNo,0,0.00%,0,0%,,0,0,0.00%,0.00%,3,3,100.00%,2.82%,0,0,0.00%,0.00%
BMendekatinondefBesarYes,3,-0.27%,1,33%,,0,0,0.00%,0.00%,0,0,0.00%,0.00%,0,0,0.00%,0.00%
BMendekatinondefBesarNo,5,-1.56%,1,20%,,0,0,0.00%,0.00%,1,1,100.00%,1.44%,0,0,0.00%,0.00%
BMendekatiMendekatiKecilYes,3,6.24%,3,100%,,0,0,0.00%,0.00%,4,4,100.00%,13.03%,0,0,0.00%,0.00%
BMendekatiMendekatiKecilNo,12,53.76%,10,83%,,2,0,0.00%,-1.90%,0,0,0.00%,0.00%,1,1,33.33%,4.89%
BMendekatiMendekatiSedangYes,4,4.04%,3,75%,,2,0,0.00%,-4.22%,2,1,25.00%,0.41%,0,0,0.00%,0.00%
BMendekatiMendekatiSedangNo,10,10.26%,5,50%,,1,0,0.00%,-1.06%,0,0,0.00%,0.00%,0,0,0.00%,0.00%
BMendekatiMendekatiBesarYes,9,-3.46%,3,33%,,0,0,0.00%,0.00%,1,1,100.00%,0.60%,0,0,0.00%,0.00%
BMendekatiMendekatiBesarNo,21,36.66%,12,57%,,0,0,0.00%,0.00%,0,0,0.00%,0.00%,0,0,0.00%,0.00%
CCuramCuramKecilYes,0,0.00%,-7.12%,10,,0,0,0.00%,0.00%,0,0,0.00%,0.00%,0,0,0.00%,0.00%
CCuramCuramKecilNo,6,16.58%,4,67%,,0,0,0.00%,0.00%,0,0,0.00%,0.00%,0,0,0.00%,0.00%
CCuramCuramSedangYes,5,0.45%,3,60%,,0,0,0.00%,0.00%,0,0,0.00%,0.00%,0,0,0.00%,0.00%
CCuramCuramSedangNo,1,20.00%,-2.59%,1,,0,0,0.00%,0.00%,0,0,0.00%,0.00%,0,0,0.00%,0.00%
CCuramCuramBesarYes,4,1.62%,2,50%,,0,0,0.00%,0.00%,0,0,0.00%,0.00%,0,0,0.00%,0.00%
CCuramCuramBesarNo,11,16.87%,7,64%,,0,0,0.00%,0.00%,1,1,100.00%,1.42%,0,0,0.00%,0.00%
CCuramJauhKecilYes,7,5.33%,4,57%,,0,0,0.00%,0.00%,0,0,0.00%,0.00%,0,0,0.00%,0.00%
CCuramJauhKecilNo,3,2.82%,3,100%,,0,0,0.00%,0.00%,0,0,0.00%,0.00%,0,0,0.00%,0.00%
CCuramJauhSedangYes,0,0.00%,0,0%,,0,0,0.00%,0.00%,0,0,0.00%,0.00%,0,0,0.00%,0.00%
CCuramJauhSedangNo,1,1.44%,1,100%,,0,0,0.00%,0.00%,0,0,0.00%,0.00%,0,0,0.00%,0.00%
CCuramJauhBesarYes,4,13.03%,4,100%,,0,0,0.00%,0.00%,1,1,100.00%,11.73%,0,0,0.00%,0.00%
CCuramJauhBesarNo,3,2.99%,1,33%,,1,0,0.00%,-1.17%,2,1,33.33%,4.60%,0,0,0.00%,0.00%
CCuramTdk JauhKecilYes,4,-3.81%,1,25%,,0,0,0.00%,0.00%,0,0,0.00%,0.00%,0,0,0.00%,0.00%
CCuramTdk JauhKecilNo,1,-1.06%,0,0%,,0,0,0.00%,0.00%,0,0,0.00%,0.00%,0,0,0.00%,0.00%
CCuramTdk JauhSedangYes,1,0.60%,1,100%,,0,0,0.00%,0.00%,0,0,0.00%,0.00%,0,0,0.00%,0.00%
CCuramTdk JauhSedangNo,0,0.00%,0,0%,,0,0,0.00%,0.00%,0,0,0.00%,0.00%,0,0,0.00%,0.00%
CCuramTdk JauhBesarYes,0,0.00%,0,0%,,0,0,0.00%,0.00%,0,0,0.00%,0.00%,0,0,0.00%,0.00%
CCuramTdk JauhBesarNo,0,0.00%,0,0%,,0,0,0.00%,0.00%,0,0,0.00%,0.00%,0,0,0.00%,0.00%
CCuramnondefKecilYes,0,0.00%,0,0%,,0,0,0.00%,0.00%,0,0,0.00%,0.00%,0,0,0.00%,0.00%
CCuramnondefKecilNo,0,0.00%,0,0%,,0,0,0.00%,0.00%,1,1,100.00%,1.01%,0,0,0.00%,0.00%
CCuramnondefSedangYes,0,0.00%,0,0%,,0,0,0.00%,0.00%,0,0,0.00%,0.00%,0,0,0.00%,0.00%
CCuramnondefSedangNo,1,1.42%,1,100%,,0,0,0.00%,0.00%,0,0,0.00%,0.00%,0,0,0.00%,0.00%
CCuramnondefBesarYes,0,0.00%,0,0%,,0,0,0.00%,0.00%,0,0,0.00%,0.00%,0,0,0.00%,0.00%
CCuramnondefBesarNo,0,0.00%,0,0%,,0,0,0.00%,0.00%,1,1,100.00%,2.11%,0,0,0.00%,0.00%
CCuramMendekatiKecilYes,0,0.00%,0,0%,,0,0,0.00%,0.00%,0,0,0.00%,0.00%,0,0,0.00%,0.00%
CCuramMendekatiKecilNo,0,0.00%,0,0%,,0,0,0.00%,0.00%,0,0,0.00%,0.00%,0,0,0.00%,0.00%
CCuramMendekatiSedangYes,1,11.73%,1,100%,,0,0,0.00%,0.00%,0,0,0.00%,0.00%,0,0,0.00%,0.00%
CCuramMendekatiSedangNo,3,3.43%,1,33%,,0,0,0.00%,0.00%,0,0,0.00%,0.00%,0,0,0.00%,0.00%
CCuramMendekatiBesarYes,0,0.00%,0,0%,,0,0,0.00%,0.00%,0,0,0.00%,0.00%,0,0,0.00%,0.00%
CCuramMendekatiBesarNo,0,0.00%,0,0%,,0,0,0.00%,0.00%,1,1,50.00%,1.72%,1,1,50.00%,7.63%
CJauhCuramKecilYes,0,0.00%,0,0%,,0,0,0.00%,0.00%,0,0,0.00%,0.00%,0,0,0.00%,0.00%
CJauhCuramKecilNo,0,0.00%,0,0%,,0,0,0.00%,0.00%,0,0,0.00%,0.00%,0,0,0.00%,0.00%
CJauhCuramSedangYes,0,0.00%,0,0%,,0,0,0.00%,0.00%,0,0,0.00%,0.00%,0,0,0.00%,0.00%
CJauhCuramSedangNo,0,0.00%,0,0%,,0,0,0.00%,0.00%,0,0,0.00%,0.00%,0,0,0.00%,0.00%
CJauhCuramBesarYes,0,0.00%,0,0%,,0,0,0.00%,0.00%,0,0,0.00%,0.00%,0,0,0.00%,0.00%
CJauhCuramBesarNo,1,1.01%,1,100%,,0,0,0.00%,0.00%,0,0,0.00%,0.00%,0,0,0.00%,0.00%
CJauhJauhKecilYes,0,0.00%,0,0%,,0,0,0.00%,0.00%,0,0,0.00%,0.00%,0,0,0.00%,0.00%
CJauhJauhKecilNo,0,0.00%,0,0%,,0,0,0.00%,0.00%,0,0,0.00%,0.00%,0,0,0.00%,0.00%
CJauhJauhSedangYes,0,0.00%,0,0%,,0,0,0.00%,0.00%,0,0,0.00%,0.00%,0,0,0.00%,0.00%
CJauhJauhSedangNo,1,2.11%,1,100%,,0,0,0.00%,0.00%,0,0,0.00%,0.00%,0,0,0.00%,0.00%
CJauhJauhBesarYes,0,0.00%,0,0%,,0,0,0.00%,0.00%,0,0,0.00%,0.00%,0,0,0.00%,0.00%
CJauhJauhBesarNo,0,0.00%,0,0%,,0,0,0.00%,0.00%,0,0,0.00%,0.00%,0,0,0.00%,0.00%
CJauhTdk JauhKecilYes,0,0.00%,0,0%,,0,0,0.00%,0.00%,0,0,0.00%,0.00%,0,0,0.00%,0.00%
CJauhTdk JauhKecilNo,0,0.00%,0,0%,,0,0,0.00%,0.00%,0,0,0.00%,0.00%,0,0,0.00%,0.00%
CJauhTdk JauhSedangYes,0,0.00%,0,0%,,0,0,0.00%,0.00%,0,0,0.00%,0.00%,0,0,0.00%,0.00%
CJauhTdk JauhSedangNo,2,9.35%,2,100%,,0,0,0.00%,0.00%,0,0,0.00%,0.00%,0,0,0.00%,0.00%
CJauhTdk JauhBesarYes,0,0.00%,0,0%,,0,0,0.00%,0.00%,0,0,0.00%,0.00%,0,0,0.00%,0.00%
CJauhTdk JauhBesarNo,0,0.00%,0,0%,,0,0,0.00%,0.00%,2,2,66.67%,3.13%,1,1,33.33%,3.75%
CJauhnondefKecilYes,0,0.00%,0,0%,,0,0,0.00%,0.00%,0,0,0.00%,0.00%,0,0,0.00%,0.00%
CJauhnondefKecilNo,0,0.00%,0,0%,,0,0,0.00%,0.00%,1,0,0.00%,-0.13%,0,0,0.00%,0.00%
CJauhnondefSedangYes,0,0.00%,0,0%,,0,0,0.00%,0.00%,1,1,100.00%,1.67%,0,0,0.00%,0.00%
CJauhnondefSedangNo,0,0.00%,0,0%,,0,0,0.00%,0.00%,0,0,0.00%,0.00%,0,0,0.00%,0.00%
CJauhnondefBesarYes,0,0.00%,0,0%,,0,0,0.00%,0.00%,0,0,0.00%,0.00%,0,0,0.00%,0.00%
CJauhnondefBesarNo,0,0.00%,0,0%,,0,0,0.00%,0.00%,1,1,100.00%,0.21%,0,0,0.00%,0.00%
CJauhMendekatiKecilYes,0,0.00%,0,0%,,1,0,0.00%,-1.00%,2,2,66.67%,2.51%,0,0,0.00%,0.00%
CJauhMendekatiKecilNo,0,0.00%,0,0%,,0,0,0.00%,0.00%,1,1,100.00%,3.30%,0,0,0.00%,0.00%
CJauhMendekatiSedangYes,0,0.00%,0,0%,,0,0,0.00%,0.00%,1,1,100.00%,2.22%,0,0,0.00%,0.00%
CJauhMendekatiSedangNo,0,0.00%,0,0%,,0,0,0.00%,0.00%,2,2,66.67%,6.29%,1,1,33.33%,0.01%
CJauhMendekatiBesarYes,0,0.00%,0,0%,,0,0,0.00%,0.00%,0,0,0.00%,0.00%,0,0,0.00%,0.00%
CJauhMendekatiBesarNo,0,0.00%,0,0%,,0,0,0.00%,0.00%,0,0,0.00%,0.00%,0,0,0.00%,0.00%
CTdk JauhCuramKecilYes,0,0.00%,0,0%,,0,0,0.00%,0.00%,0,0,0.00%,0.00%,0,0,0.00%,0.00%
CTdk JauhCuramKecilNo,0,0.00%,0,0%,,0,0,0.00%,0.00%,0,0,0.00%,0.00%,0,0,0.00%,0.00%
CTdk JauhCuramSedangYes,0,0.00%,0,0%,,0,0,0.00%,0.00%,0,0,0.00%,0.00%,0,0,0.00%,0.00%
CTdk JauhCuramSedangNo,3,6.88%,3,100%,,0,0,0.00%,0.00%,0,0,0.00%,0.00%,0,0,0.00%,0.00%
CTdk JauhCuramBesarYes,0,0.00%,0,0%,,0,0,0.00%,0.00%,0,0,0.00%,0.00%,0,0,0.00%,0.00%
CTdk JauhCuramBesarNo,1,-0.13%,0,0%,,0,0,0.00%,0.00%,0,0,0.00%,0.00%,0,0,0.00%,0.00%
CTdk JauhJauhKecilYes,1,1.67%,1,100%,,0,0,0.00%,0.00%,0,0,0.00%,0.00%,0,0,0.00%,0.00%
CTdk JauhJauhKecilNo,0,0.00%,0,0%,,0,0,0.00%,0.00%,0,0,0.00%,0.00%,0,0,0.00%,0.00%
CTdk JauhJauhSedangYes,0,0.00%,0,0%,,0,0,0.00%,0.00%,0,0,0.00%,0.00%,0,0,0.00%,0.00%
CTdk JauhJauhSedangNo,1,0.21%,1,100%,,0,0,0.00%,0.00%,0,0,0.00%,0.00%,0,0,0.00%,0.00%
CTdk JauhJauhBesarYes,3,1.51%,2,67%,,0,0,0.00%,0.00%,0,0,0.00%,0.00%,0,0,0.00%,0.00%
CTdk JauhJauhBesarNo,1,3.30%,1,100%,,0,0,0.00%,0.00%,1,0,0.00%,-0.17%,1,1,50.00%,2.15%
CTdk JauhTdk JauhKecilYes,1,2.22%,1,100%,,0,0,0.00%,0.00%,0,0,0.00%,0.00%,0,0,0.00%,0.00%
CTdk JauhTdk JauhKecilNo,3,6.30%,3,100%,,1,0,0.00%,-1.18%,0,0,0.00%,0.00%,0,0,0.00%,0.00%
CTdk JauhTdk JauhSedangYes,0,0.00%,0,0%,,0,0,0.00%,0.00%,0,0,0.00%,0.00%,0,0,0.00%,0.00%
CTdk JauhTdk JauhSedangNo,0,0.00%,0,0%,,1,0,0.00%,-2.00%,0,0,0.00%,0.00%,1,1,50.00%,4.94%
CTdk JauhTdk JauhBesarYes,0,0.00%,0,0%,,0,0,0.00%,0.00%,0,0,0.00%,0.00%,0,0,0.00%,0.00%
CTdk JauhTdk JauhBesarNo,0,0.00%,0,0%,,2,0,0.00%,-2.59%,2,2,33.33%,2.33%,2,2,33.33%,11.28%
CTdk JauhnondefKecilYes,0,0.00%,0,0%,,1,0,0.00%,-1.00%,0,0,0.00%,0.00%,0,0,0.00%,0.00%
CTdk JauhnondefKecilNo,0,0.00%,0,0%,,1,0,0.00%,-1.00%,1,1,33.33%,0.43%,1,1,33.33%,2.56%
CTdk JauhnondefSedangYes,0,0.00%,0,0%,,0,0,0.00%,0.00%,0,0,0.00%,0.00%,0,0,0.00%,0.00%
CTdk JauhnondefSedangNo,0,0.00%,0,0%,,1,0,0.00%,-1.39%,3,2,40.00%,2.91%,1,1,20.00%,8.16%
CTdk JauhnondefBesarYes,0,0.00%,0,0%,,0,0,0.00%,0.00%,0,0,0.00%,0.00%,0,0,0.00%,0.00%
CTdk JauhnondefBesarNo,0,0.00%,0,0%,,0,0,0.00%,0.00%,1,1,100.00%,1.36%,0,0,0.00%,0.00%
CTdk JauhMendekatiKecilYes,0,0.00%,0,0%,,1,0,0.00%,-0.49%,3,2,50.00%,-2.05%,0,0,0.00%,0.00%
CTdk JauhMendekatiKecilNo,0,0.00%,0,0%,,0,0,0.00%,0.00%,4,4,66.67%,7.73%,2,2,33.33%,10.54%
CTdk JauhMendekatiSedangYes,0,0.00%,0,0%,,1,0,0.00%,-1.00%,0,0,0.00%,0.00%,0,0,0.00%,0.00%
CTdk JauhMendekatiSedangNo,2,1.98%,1,50%,,2,0,0.00%,-2.59%,6,6,60.00%,9.22%,2,2,20.00%,15.62%
CTdk JauhMendekatiBesarYes,0,0.00%,0,0%,,1,0,0.00%,-1.00%,0,0,0.00%,0.00%,0,0,0.00%,0.00%
CTdk JauhMendekatiBesarNo,1,-1.18%,0,0%,,1,0,0.00%,-1.00%,1,0,0.00%,-0.69%,1,1,33.33%,12.68%
CnondefCuramKecilYes,0,0.00%,0,0%,,0,0,0.00%,0.00%,0,0,0.00%,0.00%,0,0,0.00%,0.00%
CnondefCuramKecilNo,2,2.94%,1,50%,,0,0,0.00%,0.00%,0,0,0.00%,0.00%,0,0,0.00%,0.00%
CnondefCuramSedangYes,0,0.00%,0,0%,,0,0,0.00%,0.00%,0,0,0.00%,0.00%,0,0,0.00%,0.00%
CnondefCuramSedangNo,6,11.02%,4,67%,,0,0,0.00%,0.00%,0,0,0.00%,0.00%,0,0,0.00%,0.00%
CnondefCuramBesarYes,1,-1.00%,0,0%,,0,0,0.00%,0.00%,0,0,0.00%,0.00%,0,0,0.00%,0.00%
CnondefCuramBesarNo,3,1.99%,2,67%,,0,0,0.00%,0.00%,0,0,0.00%,0.00%,0,0,0.00%,0.00%
CnondefJauhKecilYes,0,0.00%,0,0%,,0,0,0.00%,0.00%,0,0,0.00%,0.00%,0,0,0.00%,0.00%
CnondefJauhKecilNo,5,9.68%,3,60%,,0,0,0.00%,0.00%,0,0,0.00%,0.00%,0,0,0.00%,0.00%
CnondefJauhSedangYes,0,0.00%,0,0%,,0,0,0.00%,0.00%,0,0,0.00%,0.00%,0,0,0.00%,0.00%
CnondefJauhSedangNo,1,1.36%,1,100%,,0,0,0.00%,0.00%,0,0,0.00%,0.00%,0,0,0.00%,0.00%
CnondefJauhBesarYes,4,-2.54%,2,50%,,0,0,0.00%,0.00%,1,1,100.00%,2.99%,0,0,0.00%,0.00%
CnondefJauhBesarNo,6,18.27%,6,100%,,0,0,0.00%,0.00%,0,0,0.00%,0.00%,0,0,0.00%,0.00%
CnondefTdk JauhKecilYes,1,-1.00%,0,0%,,0,0,0.00%,0.00%,0,0,0.00%,0.00%,0,0,0.00%,0.00%
CnondefTdk JauhKecilNo,10,22.25%,8,80%,,0,0,0.00%,0.00%,0,0,0.00%,0.00%,1,1,100.00%,2.64%
CnondefTdk JauhSedangYes,0,0.00%,-2.59%,6,,0,0,0.00%,0.00%,0,0,0.00%,0.00%,0,0,0.00%,0.00%
CnondefTdk JauhSedangNo,1,-1.00%,0,0%,,0,0,0.00%,0.00%,3,3,100.00%,4.10%,0,0,0.00%,0.00%
CnondefTdk JauhBesarYes,3,10.99%,1,33%,,0,0,0.00%,0.00%,0,0,0.00%,0.00%,0,0,0.00%,0.00%
CnondefTdk JauhBesarNo,0,0.00%,0,0%,,1,0,0.00%,-1.00%,0,0,0.00%,0.00%,0,0,0.00%,0.00%
CnondefnondefKecilYes,0,0.00%,0,0%,,0,0,0.00%,0.00%,2,2,100.00%,4.05%,0,0,0.00%,0.00%
CnondefnondefKecilNo,0,0.00%,0,0%,,1,0,0.00%,-1.00%,3,3,60.00%,2.24%,1,0,0.00%,-0.04%
CnondefnondefSedangYes,0,0.00%,0,0%,,2,1,20.00%,-0.94%,3,2,40.00%,5.22%,0,0,0.00%,0.00%
CnondefnondefSedangNo,0,0.00%,0,0%,,0,0,0.00%,0.00%,0,0,0.00%,0.00%,0,0,0.00%,0.00%
CnondefnondefBesarYes,0,0.00%,0,0%,,0,0,0.00%,0.00%,0,0,0.00%,0.00%,0,0,0.00%,0.00%
CnondefnondefBesarNo,0,0.00%,0,0%,,0,0,0.00%,0.00%,0,0,0.00%,0.00%,0,0,0.00%,0.00%
CnondefMendekatiKecilYes,0,0.00%,0,0%,,2,0,0.00%,-2.10%,3,3,50.00%,9.18%,1,1,16.67%,10.39%
CnondefMendekatiKecilNo,0,0.00%,0,0%,,3,0,0.00%,-2.00%,6,5,45.45%,12.36%,2,1,9.09%,0.19%
CnondefMendekatiSedangYes,0,0.00%,0,0%,,0,0,0.00%,0.00%,1,1,100.00%,3.09%,0,0,0.00%,0.00%
CnondefMendekatiSedangNo,1,2.99%,1,100%,,1,0,0.00%,-1.00%,2,2,66.67%,6.15%,0,0,0.00%,0.00%
CnondefMendekatiBesarYes,0,0.00%,0,0%,,0,0,0.00%,0.00%,0,0,0.00%,0.00%,0,0,0.00%,0.00%
CnondefMendekatiBesarNo,0,0.00%,0,0%,,0,0,0.00%,0.00%,0,0,0.00%,0.00%,1,1,100.00%,2.71%
CMendekatiCuramKecilYes,1,2.64%,1,100%,,0,0,0.00%,0.00%,0,0,0.00%,0.00%,0,0,0.00%,0.00%
CMendekatiCuramKecilNo,0,0.00%,0,0%,,0,0,0.00%,0.00%,0,0,0.00%,0.00%,0,0,0.00%,0.00%
CMendekatiCuramSedangYes,3,4.10%,3,100%,,0,0,0.00%,0.00%,0,0,0.00%,0.00%,0,0,0.00%,0.00%
CMendekatiCuramSedangNo,0,0.00%,0,0%,,0,0,0.00%,0.00%,0,0,0.00%,0.00%,0,0,0.00%,0.00%
CMendekatiCuramBesarYes,1,-1.00%,0,0%,,0,0,0.00%,0.00%,0,0,0.00%,0.00%,0,0,0.00%,0.00%
CMendekatiCuramBesarNo,2,4.05%,2,100%,,0,0,0.00%,0.00%,0,0,0.00%,0.00%,0,0,0.00%,0.00%
CMendekatiJauhKecilYes,5,1.20%,3,60%,,0,0,0.00%,0.00%,0,0,0.00%,0.00%,0,0,0.00%,0.00%
CMendekatiJauhKecilNo,5,4.28%,3,60%,,0,0,0.00%,0.00%,0,0,0.00%,0.00%,0,0,0.00%,0.00%
CMendekatiJauhSedangYes,0,0.00%,0,0%,,0,0,0.00%,0.00%,0,0,0.00%,0.00%,0,0,0.00%,0.00%
CMendekatiJauhSedangNo,0,0.00%,0,0%,,0,0,0.00%,0.00%,0,0,0.00%,0.00%,0,0,0.00%,0.00%
CMendekatiJauhBesarYes,0,0.00%,0,0%,,0,0,0.00%,0.00%,0,0,0.00%,0.00%,0,0,0.00%,0.00%
CMendekatiJauhBesarNo,6,17.47%,4,67%,,0,0,0.00%,0.00%,0,0,0.00%,0.00%,0,0,0.00%,0.00%
CMendekatiTdk JauhKecilYes,11,10.55%,6,55%,,0,0,0.00%,0.00%,1,1,100.00%,1.88%,0,0,0.00%,0.00%
CMendekatiTdk JauhKecilNo,1,3.09%,1,100%,,0,0,0.00%,0.00%,0,0,0.00%,0.00%,0,0,0.00%,0.00%
CMendekatiTdk JauhSedangYes,3,5.15%,2,67%,,0,0,0.00%,0.00%,0,0,0.00%,0.00%,0,0,0.00%,0.00%
CMendekatiTdk JauhSedangNo,0,0.00%,0,0%,,1,0,0.00%,-1.00%,1,0,0.00%,-0.29%,0,0,0.00%,0.00%
CMendekatiTdk JauhBesarYes,1,2.71%,1,100%,,0,0,0.00%,0.00%,0,0,0.00%,0.00%,0,0,0.00%,0.00%
CMendekatiTdk JauhBesarNo,0,0.00%,0,0%,,0,0,0.00%,0.00%,0,0,0.00%,0.00%,0,0,0.00%,0.00%
CMendekatinondefKecilYes,0,0.00%,0,0%,,0,0,0.00%,0.00%,2,2,100.00%,2.21%,0,0,0.00%,0.00%
CMendekatinondefKecilNo,0,0.00%,0,0%,,1,0,0.00%,-2.00%,0,0,0.00%,0.00%,1,1,50.00%,10.35%
CMendekatinondefSedangYes,0,0.00%,0,0%,,1,0,0.00%,-1.89%,3,3,75.00%,11.87%,0,0,0.00%,0.00%
CMendekatinondefSedangNo,0,0.00%,0,0%,,0,0,0.00%,0.00%,1,1,100.00%,5.73%,0,0,0.00%,0.00%
CMendekatinondefBesarYes,0,0.00%,0,0%,,0,0,0.00%,0.00%,1,1,100.00%,0.74%,0,0,0.00%,0.00%
CMendekatinondefBesarNo,0,0.00%,0,0%,,2,0,0.00%,-2.60%,2,2,50.00%,2.03%,0,0,0.00%,0.00%
CMendekatiMendekatiKecilYes,0,0.00%,0,0%,,2,0,0.00%,-2.58%,5,4,57.14%,7.94%,0,0,0.00%,0.00%
CMendekatiMendekatiKecilNo,0,0.00%,0,0%,,0,0,0.00%,0.00%,3,3,75.00%,4.09%,1,1,25.00%,1.57%
CMendekatiMendekatiSedangYes,0,0.00%,0,0%,,1,0,0.00%,-2.12%,1,1,33.33%,0.11%,1,1,33.33%,2.48%
CMendekatiMendekatiSedangNo,0,0.00%,0,0%,,3,0,0.00%,-3.00%,2,2,33.33%,5.70%,1,1,16.67%,5.87%
CMendekatiMendekatiBesarYes,0,0.00%,0,0%,,0,0,0.00%,0.00%,0,0,0.00%,0.00%,0,0,0.00%,0.00%
CMendekatiMendekatiBesarNo,1,1.88%,1,100%,,0,0,0.00%,0.00%,1,1,100.00%,3.68%,0,0,0.00%,0.00%
,0,0.00%,0,0%,,,,,,,,,,,,,
,0,0.00%,0,0%,,,,,,,,,,,,,
,2,-1.29%,0,0%,,,,,,,,,,,,,
,0,0.00%,0,0%,,,,,,,,,,,,,
,0,0.00%,0,0%,,,,,,,,,,,,,
,2,2.21%,2,100%,,,,,,,,,,,,,
,2,8.35%,1,50%,,,,,,,,,,,,,
,4,9.98%,3,75%,,,,,,,,,,,,,
,1,5.73%,1,100%,,,,,,,,,,,,,
,1,0.74%,1,100%,,,,,,,,,,,,,
,4,-0.57%,2,50%,,,,,,,,,,,,,
,7,5.36%,4,57%,,,,,,,,,,,,,
,4,5.66%,4,100%,,,,,,,,,,,,,
,3,0.47%,2,67%,,,,,,,,,,,,,
,6,8.57%,3,50%,,,,,,,,,,,,,
,0,0.00%,0,0%,,,,,,,,,,,,,
,1,3.68%,1,100%,,,,,,,,,,,,,
